id;name;address;timestamp;user_id
1;Assistant;Generic heuristic;2021-04-09T07:51:47;2
2;orchid;Bedfordshire Security;2021-04-09T23:57:14;1
3;firmware index mission-critical;Music functionalities Implementation;2021-04-09T14:30:23;2
4;Malta scale deposit;Tennessee relationships Ball;2021-04-09T21:07:06;1
5;synthesize mobile;Direct;2021-04-09T08:16:57;1
6;fuchsia Administrator Gorgeous;copying artificial intelligence Lilangeni;2021-04-10T00:42:06;1
7;Generic Spurs;Specialist copying;2021-04-09T21:03:08;1
8;Tennessee deposit transmit;Ford;2021-04-10T00:51:32;2
9;Kids;Chicken plum Accounts;2021-04-09T10:16:40;1
10;calculate initiatives Electronics;Cheese benchmark quantifying;2021-04-09T05:07:10;1
