id;name;address;timestamp
1;service-desk Metal backing up;methodical Chips;2021-04-09T08:02:01
2;silver channels blue;Web Place;2021-04-09T19:32:24
3;challenge Shirt out-of-the-box;end-to-end Toys Executive;2021-04-09T16:07:33
4;National EXE;Books asymmetric out-of-the-box;2021-04-09T16:02:05
5;blue;Music;2021-04-09T18:34:45
6;Identity;Oklahoma;2021-04-09T14:32:13
7;invoice;cross-platform Consultant Manager;2021-04-09T20:36:22
8;withdrawal;integrate firmware benchmark;2021-04-09T07:56:56
9;Borders;Cyprus;2021-04-09T20:02:32
10;Tuna Computer;Organized generate;2021-04-09T17:06:04
